,Job position,Company,Location,Dimension,Candidates,Post time,JavaScript,Python,C#,Ruby,.Net,SQL,Angular.js,React.js,Node.js,Java,Links,Body
0,Senior Full-stack Developer (m/f) - Full Remote,Michael Page,"Porto, Porto, Portugal Remoto",Check link,0 candidatos,Anunciada h√° 2 dias,1,1,1,0,0,0,0,0,0,1,https://www.linkedin.com/jobs/view/2397498899/?eBP=JOB_SEARCH_ORGANIC&recommendedFlavor=SCHOOL_RECRUIT&refId=wQaYVqm%2F4wGCGWehChhglg%3D%3D&trackingId=%2BGvKTpfd%2BPejfzsVhWmXEQ%3D%3D&trk=flagship3_search_srp_jobs,senior full-stack developer  m f  - full remote bring the richness of human communication to every online interaction virtual interactions  about our client  our client is committed to making this digital world more human by bringing what makes us unique to every online interaction  their product - high fidelity digital humans - will revolutionize how we interact online by enabling us to become a seamless part of our virtual worlds  through a digital identity that looks  speaks  and acts like each one of us   job description  develop high quality code within agreed deadlines  technical and quality specifications set  define and run timely testing of code developed to ensure intermediate and final deliverables meet the technical and quality requirements set  define and implement corrective preventive actions based on testing run  define  implement and monitor the effective deployment of product developed and or within his scope of responsibility  implement the appropriate actions to ensure the operation within his or her scope of responsibility is within the parameters set  for example - downtime of server   provide high quality and timely support within his or her scope of responsibility  proactively identify opportunities for continuous improvement and suggest solutions to the issue identified  develop documentation for code and activities within his or her scope of responsibility in english  take corrective and preventive actions within scope of responsibility to ensure the quality of process and deliverables are met or exceeded  contribute proactively to the team deliverables as required  lead teams and or workstreams effectively taking action where appropriate to ensure the successful completion of objectives  deadlines and specifications   the successful applicant  degree level in computer science  mathematics  physics  or equivalent experience  advanced background in computer science fundamentals  8 or more years of c    or similar  programming experience  strong knowledge base and experience with one or more of the following programming languages: c#  go  java  php  python or javascript  solid experience in one or more of the following areas: computer vision  artificial intelligence  machine learning  systems engineering  computer graphics  web application development  r&d  gaming  robotics  user experience and software development  strong experience taking a leading role in building complex technical solutions that have been successfully delivered to customers  experience working with issue and project tracking software  including jira or similar  experience using version control software  including git or similar  experience collaborating in a lead role in a virtual  diverse working environment  fluent written and spoken english   what's on offer  create cutting-edge technology answering the questions of tomorrow  enjoy a competitive compensation package that recognizes and values innovation  continuously explore the next frontier making the impossible possible   contact: filipa barros quote job ref: jn-122020-1590863 n√≠vel de experi√™ncia j√∫nior setor telecomunica√ß√µes biotecnologia tecnologia da informa√ß√£o e servi√ßos tipo de emprego tempo integral fun√ß√µes de trabalho engenharia tecnologia da informa√ß√£o
2,Remote Senior Backend Engineer (Portugal only),Damia Group Portugal,"Lisboa, Lisboa, Portugal",Check link,7 candidatos,Anunciada h√° 3 meses,0,0,0,0,0,1,0,0,1,0,https://www.linkedin.com/jobs/view/2294640640/?eBP=JOB_SEARCH_ORGANIC&recommendedFlavor=SCHOOL_RECRUIT&refId=wQaYVqm%2F4wGCGWehChhglg%3D%3D&trackingId=cMIlk0%2BxhQJ%2FolE8TSSyqA%3D%3D&trk=flagship3_search_srp_jobs,lifebit is recruiting senior backend developer  at lifebit  they take pride in carving their own path  they're open-source pioneers and their driving mission is to revolutionise bioinformatics and biomedical data analysis forever   about: lifebit was founded in 2017  and has recently closed a series a funding round with tremendous support from new and existing investors  with offices in london and lisbon  lifebit is a diverse team spanning europe and north america  with each person empowered and involved in every aspect of the business   their product  lifebit cloudos  is the world‚Äôs first federated genomics platform for unified  secure research over distributed big data  no one has anything close  think best-in-class ui ux  seamless integration with open-source tools  powerful cohort browser  advanced ai  they have taken upon themselves to lead the industry and leaving competitors far behind  and intend to keep it that way   what are they looking for an experienced software engineer to take a leading role in system and architecture design that go far beyond coding motivation to take part in all parts of the software development life cycle  curiosity for new technologies and frameworks that suit the needs of products and users an enthusiast in working with best practices and principles while contributing to them  in order to set a clear benchmark not only inside but outside of the company   required having been exposed to complex ecosystems using node  as a main tool while taking part in api design and implementation of solutions  experience with nosql databases  having set up communication services with message brokers  rabbitmq  kafka        experience with services ingesting high volume of transactions and analytics  fluency in english  being located in portugal    preferred but not mandatory over 4 years of experience with node    previous experience working as a full remote developer  familiarity with tdd is a  great plus   experience with docker  aws  gcp and ops over cloud    benefits competitive salary  that ranges from 40 000‚Ç¨ to 60 000‚Ç¨ gross year  generous stock options  25 days of annual leave plus the usual public holidays  monthly team activities  conferences  events and training resources  data science  ai  cloud  any tech stack  painting  origami  you pick!  - we offer ‚Ç¨1 000 a year to each person for personal development   international and diverse team    want to know more? get in touch with us üëá experi√™ncia e compet√™ncias desejadas node  node   sql  tdd n√≠vel de experi√™ncia pleno-s√™nior setor software tecnologia da informa√ß√£o e servi√ßos tipo de emprego tempo integral fun√ß√µes de trabalho engenharia tecnologia da informa√ß√£o outro
4,Full-Stack Developer,Olisipo,"Lisboa, Lisboa, Portugal",Check link,0 candidatos,Anunciada h√° 1 semana,1,0,0,0,0,0,0,0,0,1,https://www.linkedin.com/jobs/view/2399076801/?eBP=JOB_SEARCH_ORGANIC&recommendedFlavor=ACTIVELY_HIRING_COMPANY&refId=wQaYVqm%2F4wGCGWehChhglg%3D%3D&trackingId=g4584ot44NBK9BFADa7LCw%3D%3D&trk=flagship3_search_srp_jobs,full-stack developer:olisipo descri√ß√£o do emprego: full-stack developer id:  8955805  data   12-10-2020  empregador   olisipo  pa√≠s da emprego   portugal  distrito   lisboa  categoria s    inform√°tica e tecnologias descri√ß√£o da empresa a olisipo √© uma das principais e mais s√≥lidas refer√™ncias nacionais como talent recruiter  talent builder e talent care na √°rea das tecnologias de informa√ß√£o   a nossa miss√£o √© encontrar o melhor projeto para cada pessoa e  para cada empresa  o melhor talento na √°rea das tecnologias de informa√ß√£o   #connectingitpeople  descri√ß√£o do an√∫ncio  apaixonados por desafios e ambiciosos na procura de solu√ß√µes  a nossa it-tude √© orientada pela excel√™ncia nos projetos e pela rela√ß√£o pr√≥xima com os nossos colaboradores  with our people  it works better!  desejamos um full-stack developer para integrar um projecto em lisboa   perfil 6 anos de experi√™ncia em java  experi√™ncia em arquitectura de sistemas  conhecimento em desenvolvimento back-end  hibernate  e front-end  javascript ou primefaces   experi√™ncia no desenvolvimento de webservices  conhecimento de polling services  pollers   experi√™ncia com bases de dados  capacidade de an√°lise e cria√ß√£o de solu√ß√£o tendo em conta o sistema como um todo  autonomia no processo de desenvolvimento  oferece-se acompanhamento personalizado focado na gest√£o de carreira  forma√ß√£o e certifica√ß√£o cont√≠nua e personalizada  atrav√©s do nosso learning center  solidez  confian√ßa e crescimento  pacote salarial com benef√≠cios competitivo  n√≠vel de experi√™ncia assistente setor tecnologia da informa√ß√£o e servi√ßos software recrutamento e sele√ß√£o tipo de emprego tempo integral fun√ß√µes de trabalho engenharia tecnologia da informa√ß√£o
6,Full Stack Developer,Check link,"Lisboa, Lisboa, Portugal",Check link,0 candidatos,Anunciada h√° 1 semana,1,0,0,0,0,1,1,0,0,1,https://www.linkedin.com/jobs/view/2394040955/?eBP=JOB_SEARCH_ORGANIC&refId=wQaYVqm%2F4wGCGWehChhglg%3D%3D&trackingId=OkBWZmNFngI70lVHx5S3Hw%3D%3D&trk=flagship3_search_srp_jobs,web development area is responsible for theconception  design  development and deployment of rich web applicationssolutions  from the very beginning ofrequirement definitionpassing byarchitecture data modeldefinition and choose thebest web technologyfor the final solution  the main technological stack is based onjavafor backend layers such asspringalong withjavascriptbased frameworks such asangular and reactfor frontend development   your role as a fullstack developer you willbuild the end-to-end applications requirements  you will participate in the central struture of an application as well ascreate design plans for the user interface  define controls‚Äô look  feel and activity at xpand it you will work withjavaandjavascripttechologies in a collaborative environment   your daily activities will include  being responsible for requirements definitionand translate them into technical services use   suggest a variety of state-of-the-art programming languages in order tocreate user-friendly web interfaces design and buildhigh-quality mockupsand design different prototypes optimize web applications for maximum speed  cross browser and cross device build reusable api librariesfor future use work in multidisciplinary teams with other teammates such as backend developers and web designers design and development ofapplicational backend servicesusing the best design practices and patterns recommends system solutions by comparing advantages and disadvantages of alternative development strategies integrates applications though thedevelopment of apis   serviceswith third party modules guarantee the correctperformance  security and scalability of backend services guarantuee thatunit test   test setsare correctly updated so that continuous integration engine remains flawless   skills you need to have  msc   bsc in information systems and computer engineeringand or computer science professinal experience    3 years  as adeveloper in javascript based techologies  html5 and css3 experience with javascript libraries and frameworks such asreact and  or angular professinal experience    3 years  as adeveloper in java experience with backend java frameworks such asspring experience indesign patterns while implementing advanced and complex software solutions  namely in api rest services implementation experience in data base management tools likems sql server  mysql or postgresql experience in usingeclipse  maven  jenkins  git  jiraor equivalent tools experience in usingmaven  jenkins  git  jiraor equivalent tools team playerand technical problem solving skills strong communication skills written and spoken  english proficiency   send us your cv to  poder√° encontrar o an√∫ncios original publicado em: https:  www itjobs pt oferta 370416 full-stack-developer n√≠vel de experi√™ncia assistente setor tecnologia da informa√ß√£o e servi√ßos software internet tipo de emprego tempo integral fun√ß√µes de trabalho engenharia tecnologia da informa√ß√£o
8,Full Stack Developer,Smart Consulting,"Coimbra, Coimbra, Portugal",Check link,1 candidato,Anunciada h√° 6 dias,1,0,0,0,0,0,1,1,1,0,https://www.linkedin.com/jobs/view/2390989578/?eBP=JOB_SEARCH_ORGANIC&recommendedFlavor=SCHOOL_RECRUIT&refId=wQaYVqm%2F4wGCGWehChhglg%3D%3D&trackingId=D%2BkOX2t%2FfpzZ0DUbODGjtg%3D%3D&trk=flagship3_search_srp_jobs,o mundo pode estar cheio de oportunidades  para tornares reais os teus objetivos de carreira nas √°reas de it e de telecomunica√ß√µes  existe apenas uma: smart ! se √©s apaixonado por tecnologia  queres superar os mais complexos desafios e acrescentar valor em projetos altamente inovadores  do que √© que est√°s √† espera? smart consulting  the smart way to do it   o que √© preciso para seres um smart fullstack developer?  forma√ß√£o superior em engenharia inform√°tica ou similar  experi√™ncia em desenvolvimento com javascript  html e css  conhecimentos frameworks  react  vue ou angular   conhecimentos de node    bons conhecimentos de ingl√™s  falado e escrito  porqu√™ ser smart?  tornamos reais os projetos em que participamos amamos o que fazemos  e temos orgulho no resultado do nosso trabalho somos simples e eficientes valorizamos as nossas pessoas somos uma equipa din√¢mica  √≠ntegra e de confian√ßa  onde podes ser smart? porto  aveiro ou coimbra tens um perfil smart? envia o teu curriculum vitae para click apply   com a refer√™ncia fsd_pac  api:2a02:c207:2011:6863::1:39d709ee33eeea0d83c8d79b54067c81:2021-01-27 18:04:23 n√≠vel de experi√™ncia assistente setor tecnologia da informa√ß√£o e servi√ßos software internet tipo de emprego tempo integral fun√ß√µes de trabalho engenharia tecnologia da informa√ß√£o
10,an√∫ncio de trabalho: Fullstack Developer (PHP),Luso Basto - Recursos Humanos,"Aveiro, Aveiro, Portugal",Check link,1 candidato,Anunciada h√° 2 semanas,1,0,0,0,0,1,0,0,0,0,https://www.linkedin.com/jobs/view/2378497825/?eBP=JOB_SEARCH_ORGANIC&recommendedFlavor=JOB_SEEKER_QUALIFIED&refId=wQaYVqm%2F4wGCGWehChhglg%3D%3D&trackingId=%2FcVZ4zgy1pkoCuJ2187f3g%3D%3D&trk=flagship3_search_srp_jobs,an√∫ncio de trabalho: fullstack developer  php :luso basto servi√ßos trabalho temporario descri√ß√£o do emprego: fullstack developer  php  ¬ª luso basto servi√ßos trabalho temporario  ¬ª ref: 7191205  ¬ª 11-1-2021  ¬ª aveiro  ¬ª inform√°tica   programa√ß√£o    detalhe da emprego  a luso basto servi√ßos lda procura fullstack developer  php  para integrar o departamento de desenvolvimento em empresa cliente do setor das novas tecnologias da informa√ß√£o com enfoque em integra√ß√£o de sistemas  internet  mobile e marketing digital   perfil procurado  principais refer√™ncia da emprego  licenciatura em eng  inform√°tica  sistemas de informa√ß√£o  ou equivalente   bons conhecimentos em php   bons conhecimentos de base de dados mysql e sql server   conhecimentos em html  css  javascript jquery   capacidade de resolu√ß√£o de problemas e gest√£o de stress   facilidade de comunica√ß√£o   elevado sentido de responsabilidade e dinamismo   gosto pelo trabalho de equipa   local: anadia  condi√ß√µes: contrato directo com o nosso cliente e sal√°rio ajustado √† experi√™ncia demonstrada  possibilidade de teletrabalho   candidaturas: os candidatos interessados refer√™ncia da emprego: o seu refer√™ncia da emprego: para o email recursos humanos@lusobasto com  email de contacto:recursos humanos@lusobasto com n√≠vel de experi√™ncia assistente setor internet recrutamento e sele√ß√£o recursos humanos tipo de emprego tempo integral fun√ß√µes de trabalho engenharia tecnologia da informa√ß√£o
12,Full Stack Web Developer,Latourrette Consulting,"Braga, Braga, Portugal",Check link,4 candidatos,Anunciada h√° 1 semana,1,0,0,0,1,1,0,1,0,0,https://www.linkedin.com/jobs/view/2383627279/?eBP=JOB_SEARCH_ORGANIC&recommendedFlavor=ACTIVELY_HIRING_COMPANY&refId=wQaYVqm%2F4wGCGWehChhglg%3D%3D&trackingId=zlJvRYGx5EDxNV0LXbi1Iw%3D%3D&trk=flagship3_search_srp_jobs,descri√ß√£o das fun√ß√µes queres estar na vanguarda da automa√ß√£o inteligente? √©s um a  profissional motivado a  e com s√≥lida experi√™ncia no desenvolvimento e entrega de sistemas digitais complexos e implementa√ß√µes de projectos?  ent√£o √© a ti que procuramos para se juntar √† nossa equipa como um a  full stack web developer !  requisitos licenciatura em inform√°tica  sistemas de informa√ß√£o ou um campo relacionado min  2 anos de experi√™ncia conhecimentos de: html  css  javascript react   restful services  net core 2 e superior entity framework core  sql  motivado a  para trabalhar com solu√ß√µes tecnol√≥gicas inovadoras em ambientes internacionais compet√™ncias anal√≠ticas e de multitasking capacidade de reflex√£o cr√≠tica e de resolu√ß√£o de problemas aut√≥nomo a   organizado a  e comunicativo a   vantagens possibilidade de teletrabalho   remote a tempo inteiro pertencer a uma equipa que procura valorizar e reconhecer cada indiv√≠duo  uma equipa din√¢mica e flex√≠vel que recompensa o m√©rito e o talento  promovendo o esp√≠rito de equipa  a boa vontade e a interac√ß√£o participa√ß√£o em projectos internacionais desafiantes e altamente inovadores forma√ß√£o cont√≠nua e desenvolvimento de carreira oportunidade de carreira a longo prazo  estabilidade e trabalho dentro de um ambiente competitivo que promove o crescimento profissional e pessoal  envia o teu cv para  poder√° encontrar o an√∫ncios original publicado em: n√≠vel de experi√™ncia assistente setor tecnologia da informa√ß√£o e servi√ßos software recrutamento e sele√ß√£o tipo de emprego tempo integral fun√ß√µes de trabalho engenharia tecnologia da informa√ß√£o
14,Mid Full-Stack Developer (Node.Js),KWAN,"Lisboa, Lisboa, Portugal",Check link,0 candidatos,Anunciada h√° 5 dias,0,0,0,0,0,0,0,0,1,0,https://www.linkedin.com/jobs/view/2394046459/?eBP=JOB_SEARCH_ORGANIC&recommendedFlavor=SCHOOL_RECRUIT&refId=wQaYVqm%2F4wGCGWehChhglg%3D%3D&trackingId=NJrsUQiDG7PSYpFASOxpuw%3D%3D&trk=flagship3_search_srp_jobs,we are currently looking forward to hire an enthusiasticfull-stack developer to be hired directlyby one of our clients!  who we are  as part of rupeal group  kwan is an it staffing company which specialises in the art of professional fulfilment  making sure that anyone who works with us  from clients  to candidates  to consultants  is in the right path for achieving their motivations!  our client is an international consulting and development company that combines a fun approach with lots of technological instincts and even more know-how  they are also expanding teams in stuttgart  berlin  and lisbon   they are looking for a person with the following requirements: bachelor's degree or above in computer science or related field  3 years of experience with node   experience with elasticsearch and its query language with equally good knowledge of aws  azure  and google cloud services experience with webservice rest and webservice soa familiar with continuous integration and development  ci cd  pipeline experiences fluent in english availability to travel what we offer? an opportunity for you to join to join an amazing international team a flexible schedule start-up environment winter  summer and christmas events continuous training and career development are you ready? run for the link below!!  poder√° encontrar o an√∫ncios original publicado em: https:  www itjobs pt oferta 370439 mid-full-stack-developer-node-  n√≠vel de experi√™ncia assistente setor tecnologia da informa√ß√£o e servi√ßos software recrutamento e sele√ß√£o tipo de emprego tempo integral fun√ß√µes de trabalho engenharia tecnologia da informa√ß√£o
16,Full stack Developer (C# and JavaScript),BOLD by Devoteam,"Lisboa, Lisboa, Portugal",501-1.000 funcion√°rios,68 candidatos,Anunciada h√° 1 dia,1,0,1,0,0,1,0,1,0,0,https://www.linkedin.com/jobs/view/1453519633/?eBP=JOB_SEARCH_ORGANIC&recommendedFlavor=SCHOOL_RECRUIT&refId=wQaYVqm%2F4wGCGWehChhglg%3D%3D&trackingId=Qwj6zJzLGpehibQG9LpuQQ%3D%3D&trk=flagship3_search_srp_jobs,anunciada por carina cruz 2¬∞ talent spotter | bold by devoteam || recruiter & team worker || hiring it talent envie inmail the passion for what we do has no boundaries  our resilience is authentic and our courage is limitless when facing new challenges  we are proud of the culture we have built together  we are proud of our people at the service of technology  #techforpeople   our positioning about covid-19: due to the particular times we are facing and in order to protect our candidates and interviewers health and well being  all interviews will be held through video conference  we've created a remote onboarding process to ensure that new starters have all the knowledge they need to be able to start this new career phase   about the offer we are currently looking for a full stack developer  c# and javascript     the desired qualifications and skills are: degree in computer science or similar  full stack experience in c# and javascript  development experience  3  years   experience with high-scale web applications  distributed systems and apis  experienced in devops and promoter of automation  cloud infrastructure  azure  aws  oo  distributed and architectural design patterns  sql  nosql  redis  elastic  javascript  react  redux  storybook  grunt  webpack  docker  kubernetes  terraform  pulumi  fluency in english   these are our mindsets and what you can expect from us: fair & courageous we promote ask me anything sessions  a moment where any employee can question  suggest or share any topic live with the ceo  we have a referral program that financially recognizes our employees for helping the company grow  ambition & results we believe in supporting the personal and professional growth of our employees  that‚Äôs why we have a differentiated career path management supported by a transparent model  capable of identifying  developing and adding value to your skills  we‚Äôve created a strategic gatherings concept  a moment where information about the company's performance is shared and where we discuss short-term prospects for the future  we are focused on a thought leadership program that aims to promote and develop our employees' talent  experience and passion for technology  learning & innovating we hold informal meetings to promote knowledge sharing moments between our employees and the technological community  we invest in the continuous training of our employees through technical and behavioral workshops  language classes  external funded training and certifications and by establishing partnerships with training providers  caring & sharing we created the blue angels  a social and environmental responsibility program that puts the solidarity of our employees at the service of the community  we love some good socializing moments and we hold as many as we can  from monthly themed meetings to family events  we never say no to a good party   about bold we are focused on developing and delivering innovative technological solutions through a unique combination of technology expertise and agility  maximizing business value for our clients  our focus when it comes to supporting our client‚Äôs digital journey is about clear choices that build & develop skills in a very targeted way  since 2018  bold by devoteam has been part of the devoteam group  a global leading player in digital transformation for leading organisations across emea  with a revenue of ‚Ç¨761m  together  we share a common vision of transforming technology to create value for our clients  partners and employees in a world where technology is developed for people   want to apply? send me your cv to carinacruz@boldint com   n√≠vel de experi√™ncia pleno-s√™nior setor tecnologia da informa√ß√£o e servi√ßos tipo de emprego tempo integral fun√ß√µes de trabalho tecnologia da informa√ß√£o
18,FullStack Developer (m/f),Noesis,"Lisboa, Lisboa, Portugal",Check link,4 candidatos,Anunciada h√° 1 semana,1,0,0,0,0,1,1,0,0,1,https://www.linkedin.com/jobs/view/2385776506/?eBP=JOB_SEARCH_ORGANIC&recommendedFlavor=SCHOOL_RECRUIT&refId=wQaYVqm%2F4wGCGWehChhglg%3D%3D&trackingId=KL32Db62PBT%2FydRw1qxXXw%3D%3D&trk=flagship3_search_srp_jobs,founded in 1995  noesis is a leading international technology consultant  offering services and solutions to support its clients in digital transformation and business development  in order to create sustainable value across all sectors  it provides infrastructure  software  quality and people-centric solutions with over 850 highly skilled talent in the most demanding technologies   noesis is looking for professionals with the following profile backend development skills on java  version 8  and spring boot  at least version 1 5   frontend development skills on javascript and angular framework in particular  version 7   sql development skills on t-sql  sybase is the db used   j2ee technologies and frameworks  good level of english  both written & spoken  technical analysis and documentation  unitary and integration tests  client focus  proactivity and communication skills   if you meet these requirements and are interested in joining an audacious and innovative company  please send us a copy of your cv to   including the job reference ij_006__11_20_2992  please check to see all opportunities we currently have open  or feel free to send us a spontaneous application  join us  let‚Äôs innovate together!  web:54 183 199 59:linkedinbot 1 0  compatible  mozilla 5 0   http:  www linkedin com :2021-01-29 05:43:09 n√≠vel de experi√™ncia assistente setor tecnologia da informa√ß√£o e servi√ßos software recrutamento e sele√ß√£o tipo de emprego tempo integral fun√ß√µes de trabalho engenharia tecnologia da informa√ß√£o
20,Lead Full Stack Developer (M/F),AskBlue,"Lisboa, Lisboa, Portugal",Check link,0 candidatos,Anunciada h√° 1 m√™s,1,1,0,0,0,0,1,1,1,1,https://www.linkedin.com/jobs/view/2390634317/?eBP=JOB_SEARCH_ORGANIC&recommendedFlavor=SCHOOL_RECRUIT&refId=wQaYVqm%2F4wGCGWehChhglg%3D%3D&trackingId=6UEKWba5lNTTLuRi45WXdQ%3D%3D&trk=flagship3_search_srp_jobs,lead full stack developer  m f :askblue descri√ß√£o do emprego: lead full stack developer  m f  id:  8902581  data   21-09-2020  empregador   askblue  pa√≠s da emprego   portugal  distrito   lisboa  categoria s    inform√°tica e tecnologias  intervalo salarial   informa√ß√£o exclusiva jobmatch descri√ß√£o da empresa  descri√ß√£o do an√∫ncio  a askblue procura lead full stack developer  m f  para integrar projeto em cliente na √°rea da banca no centro de lisboa:  requisitos necess√°rios licenciatura em ci√™ncias da computa√ß√£o ou similar  pelo menos 5 anos de experi√™ncia em desenvolvimento  experi√™ncia em lideran√ßa de equipas  arquitetura  orienta√ß√£o t√©cnica   conhecimentos s√≥lidos em linguagens de desenvolvimento backend  java  go  e frameworks javascript  angular   react  node     conhecimentos em python  experi√™ncia em projetos com metodologias agile  ingl√™s fluente  oferecemos : estabilidade e integra√ß√£o numa empresa em constante crescimento  integra√ß√£o numa equipa din√¢mica e motivada  oportunidade de inser√ß√£o em projetos tecnologicamente desafiantes  com equipas din√¢micas e que privilegiam a inova√ß√£o  askblue | business & technology n√≠vel de experi√™ncia j√∫nior setor tecnologia da informa√ß√£o e servi√ßos software recrutamento e sele√ß√£o tipo de emprego tempo integral fun√ß√µes de trabalho engenharia tecnologia da informa√ß√£o
22,FullStack Developer,Braver PC,"Porto, Porto, Portugal",Check link,3 candidatos,Anunciada h√° 6 dias,1,0,0,0,0,1,0,0,1,0,https://www.linkedin.com/jobs/view/2390981502/?eBP=JOB_SEARCH_ORGANIC&refId=wQaYVqm%2F4wGCGWehChhglg%3D%3D&trackingId=0%2BW1gotr2BaQkdiS1efa4Q%3D%3D&trk=flagship3_search_srp_jobs,s  jo√£o da madeira  na bolder tech  a empresa tecnol√≥gica do grupo braver  com p√≥los em s  jo√£o da madeira e lisboa  que desenvolve produtos e servi√ßos pr√≥prios nomeadamente para eventos  desporto  turismo  esports e comunica√ß√£o  queremos integrar na equipa  um a   fullstack developer ‚Äì eventos  desporto  turismo   m f o   que pesquise  conceba  implemente e gira programas e aplica√ß√µes  os teste e avalie  identifique e promova melhorias  escreva c√≥digo eficiente e replic√°vel  aplique procedimentos de controlo da qualidade  utilize eficazmente ferramentas  processos e m√©tricas  mantenha e melhore os sistemas existentes  trabalhe em equipa com outros developers  designers ux e analistas de sistemas   s√£o requisitos essenciais: forma√ß√£o superior em eng  inform√°tica ou similar  3 anos de experi√™ncia como developer com pr√°tica de desenvolvimento de solu√ß√µes aplicacionais e de front end  web ou n√£o web   dom√≠nio de html  css  php  javascript  wordpress e sql  experi√™ncia com node   ou typescript  github ou jira e metodologias agyle  flu√™ncia em ingl√™s   valorizamos ainda: gosto pelo conhecimento e adop√ß√£o r√°pida de novas tecnologias  capacidade anal√≠tica  aten√ß√£o ao detalhe  esp√≠rito de equipa  capacidade de comunica√ß√£o escrita e verbal  atitude calma  flex√≠vel e resiliente sob stress  orienta√ß√£o para o cliente   queremos estabelecer uma rela√ß√£o de longo prazo  com excelentes perspetivas de evolu√ß√£o numa organiza√ß√£o profissional  cheia de energia ambi√ß√£o  trabalho tendencialmente remoto mas presencial em reuni√µes de equipa  com clientes e no apoio a eventos   agradecemos resposta com carta de motiva√ß√£o  acompanhada de c v  detalhado   para   guarda-se sigilo  n√≠vel de experi√™ncia assistente setor marketing e publicidade tecnologia da informa√ß√£o e servi√ßos internet tipo de emprego tempo integral fun√ß√µes de trabalho engenharia tecnologia da informa√ß√£o
24,JAVA Developer - √Årea da Sa√∫de (M/F),Altran,Lisboa e Regi√£o,+ de 10.001 funcion√°rios,1 candidato,Anunciada h√° 2 dias,1,0,0,0,0,0,0,0,0,1,https://www.linkedin.com/jobs/view/2374476492/?eBP=JOB_SEARCH_ORGANIC&recommendedFlavor=SCHOOL_RECRUIT&refId=wQaYVqm%2F4wGCGWehChhglg%3D%3D&trackingId=5vp7DRLMaPycKinAHIaLrQ%3D%3D&trk=flagship3_search_srp_jobs,oferecemos  integra√ß√£o numa das maiores e mais brilhantes equipas de consultoria de ti: n√≥s  possibilidade de participar de projetos internacionais  evolu√ß√£o da carreira  novos desafios  local de trabalho: lisboa central    missao  a altran est√° a recrutar dois java developers com cerca de 2 3 anos de experi√™ncia que tenham interesse numa posi√ß√£o de desenvolvimento full stack   o nosso cliente atua na √°rea da sa√∫de e localiza-se na zona central de lisboa  sendo que a principal fun√ß√£o ser√° o desenvolvimento e implementa√ß√£o de novas features  bem como a elabora√ß√£o da respetiva documenta√ß√£o   ao n√≠vel do stack tecnol√≥gico procuramos algu√©m com um background t√©cnico preferencialmente em java ee 8  spring  hiberrnate  oracle weblogic  redhat whildfly  javascript  html e css  trata-se de um projeto com uma componente de ci-cd com jenkins e git para versionamento   perfil  forma√ß√£o superior em engenharia inform√°tica ou similar  conhecimentos s√≥lidos de programa√ß√£o orientada a objetos em java ee 8  experi√™ncia de 2 3 anos como full stack developer  experi√™ncia em desenvolvimento com spring ou hibernate  oracle weblogic  redhat whildfly  jenkins e git  bom n√≠vel de ingl√™s  falado e escrito  n√≠vel de experi√™ncia assistente setor tecnologia da informa√ß√£o e servi√ßos software seguran√ßa de redes e computadores tipo de emprego tempo integral fun√ß√µes de trabalho engenharia tecnologia da informa√ß√£o
26,Oferta: Fullstack Developer (M/F) Porto,Talentseed,"Porto, Porto, Portugal",Check link,0 candidatos,Anunciada h√° 1 semana,1,0,0,0,0,0,1,0,0,0,https://www.linkedin.com/jobs/view/2398374677/?eBP=JOB_SEARCH_ORGANIC&recommendedFlavor=JOB_SEEKER_QUALIFIED&refId=wQaYVqm%2F4wGCGWehChhglg%3D%3D&trackingId=bh0ijG1VM%2FUU%2BQHabEwhsQ%3D%3D&trk=flagship3_search_srp_jobs,distrito: porto - concelho: porto refer√™ncia da oferta: talentseed refer√™ncia da oferta: tempo inteiro refer√™ncia da oferta: 22-4-2020 zona porto refer√™ncia da oferta: inform√°tica   programa√ß√£o    refer√™ncia da oferta  o seedsgroup √© constitu√≠do por duas empresas: talentseed e itseeds  talentseed   empresa galardoada com pr√©mio excel√™ncia rh em startups nos pr√©mios rh2017  protocolada com a ordem dos psic√≥logos  que est√° a revolucionar o mercado de trabalho  permitindo √†s empresas acesso a plataformas e servi√ßos online inovadores de gest√£o de talento  a itseeds √© uma startup portuguesa com mentalidade global  especializada na cria√ß√£o de solu√ß√µes customizadas na √°rea de tecnologias e sistemas de informa√ß√£o  seja atrav√©s de projectos de consultoria  outsourcing ou nearshore  temos uma vasta experi√™ncia na cria√ß√£o de plataformas tecnol√≥gicas inovadoras  somos uma equipa jovem  fun e com uma grande paix√£o pelo que fazemos! a inova√ß√£o e apresenta√ß√£o de solu√ß√µes tecnol√≥gicas s√£o a nossa miss√£o   a talentseed est√° neste momento a recrutar para  fullstack developer  m f  porto  desafio o nosso cliente √© uma consultora inform√°tica que cria solu√ß√µes digitais interativas e funcionais e est√£o sediados na zona do porto  procuram um fullstack developer para ingressar na equipa de desenvolvimento de um projecto internacional   refer√™ncia da oferta  o candidato ideal ter√° forma√ß√£o superior em inform√°tica ou similar  e pelo menos 7 anos de experi√™ncia com php orientado a objetos e experi√™ncia em desenvolvimento web  php  mysql  apis   dever√° tamb√©m possuir experi√™ncia em frameworks de php  como symfony 3  e javascript  como angular    dever√° ainda ter experi√™ncia pr√©via em gest√£o de equipas e de projeto   candidate-se atrav√©s do link: br  > n√≠vel de experi√™ncia assistente setor tecnologia da informa√ß√£o e servi√ßos recrutamento e sele√ß√£o recursos humanos tipo de emprego tempo integral fun√ß√µes de trabalho engenharia tecnologia da informa√ß√£o
28,.Net Developer,Match Profiler,"Lisboa, Lisboa, Portugal",Check link,5 candidatos,Anunciada h√° 6 dias,0,0,0,0,1,1,0,0,0,0,https://www.linkedin.com/jobs/view/2394044495/?eBP=JOB_SEARCH_ORGANIC&recommendedFlavor=SCHOOL_RECRUIT&refId=wQaYVqm%2F4wGCGWehChhglg%3D%3D&trackingId=jHCFsPMUhYdRo%2B74YEC6jg%3D%3D&trk=flagship3_search_srp_jobs,a match profiler √© uma consultora de sistemas de informa√ß√£o que atua desde 1999 no mercado nacional e internacional  temos compet√™ncias multidisciplinares e know-how na √°rea de it que nos permite contribuir  otimizar e progredir com os nossos clientes  para integrar equipa do nosso cliente estamos de momento a recrutar profissionais com o seguinte perfil: net developer  m f  ‚Äì grande lisboa remoto o que precisas de ter no m√≠nimo 1 ano e meio de experi√™ncia em  net  nomeadamente  net mvc core experi√™ncia em sql √© um plus perfil full-stack √© um plus ingl√™s interm√©dio o que n√≥s podemos proporcionar ter√°s um acompanhamento personalizado por parte da tua equipa  o teu manager vai estar atento √†s tuas motiva√ß√µes e sugest√µes  as vit√≥rias e conquistas ser√£o festejadas em conjunto  acompanhamento da nossa equipa de recursos humanos e suporte  feedback constante do teu trabalho  e como √© √≥bvio bastantes conv√≠vios  para responder a esta oportunidade  envie-nos o seu cv  com indica√ß√£o da refer√™ncia ba ne b para o seguinte endere√ßo de email processo de sele√ß√£o & recrutamento e integra√ß√£o em contexto pand√©mico - covid 19 dado o paradigma atual que vivemos  e de forma a assegurar um ambiente seguro e saud√°vel para os nossos candidatos e equipa de recrutamento  as primeiras entrevistas ser√£o realizadas por chamada telef√≥nica ou v√≠deo confer√™ncia  a match profiler encontra-se preparada para acompanhar a integra√ß√£o dos novos colaboradores de forma remota e semi presencial  e apoi√°-los nesta nova fase da sua carreira profissional  poder√° encontrar o an√∫ncios original publicado em: https:  www itjobs pt oferta 367677 net-developer n√≠vel de experi√™ncia assistente setor tecnologia da informa√ß√£o e servi√ßos software recrutamento e sele√ß√£o tipo de emprego tempo integral fun√ß√µes de trabalho engenharia tecnologia da informa√ß√£o
30,Full-Stack Developer,Olisipo,"Lisboa, Lisboa, Portugal",Check link,0 candidatos,Anunciada h√° 1 semana,1,0,0,0,0,0,0,0,0,1,https://www.linkedin.com/jobs/view/2398992470/?eBP=JOB_SEARCH_ORGANIC&recommendedFlavor=SCHOOL_RECRUIT&refId=wQaYVqm%2F4wGCGWehChhglg%3D%3D&trackingId=o15b67YqxdfUf5nQxMUsxw%3D%3D&trk=flagship3_search_srp_jobs,full-stack developer:olisipo descri√ß√£o do emprego: full-stack developer id:  8947292  data   08-10-2020  empregador   olisipo  pa√≠s da emprego   portugal  distrito   lisboa  categoria s    inform√°tica e tecnologias descri√ß√£o da empresa a olisipo √© uma das principais e mais s√≥lidas refer√™ncias nacionais como talent recruiter  talent builder e talent care na √°rea das tecnologias de informa√ß√£o   a nossa miss√£o √© encontrar o melhor projeto para cada pessoa e  para cada empresa  o melhor talento na √°rea das tecnologias de informa√ß√£o   #connectingitpeople  descri√ß√£o do an√∫ncio  apaixonados por desafios e ambiciosos na procura de solu√ß√µes  a nossa it-tude √© orientada pela excel√™ncia nos projetos e pela rela√ß√£o pr√≥xima com os nossos colaboradores  with our people  it works better!  desejamos um full-stack developer para integrar um projecto em lisboa   perfil 6 anos de experi√™ncia em java  experi√™ncia em arquitectura de sistemas  conhecimento em desenvolvimento back-end  hibernate  e front-end  javascript ou primefaces   experi√™ncia no desenvolvimento de webservices  conhecimento de polling services  pollers   experi√™ncia com bases de dados  capacidade de an√°lise e cria√ß√£o de solu√ß√£o tendo em conta o sistema como um todo  autonomia no processo de desenvolvimento  oferece-se acompanhamento personalizado focado na gest√£o de carreira  forma√ß√£o e certifica√ß√£o cont√≠nua e personalizada  atrav√©s do nosso learning center  solidez  confian√ßa e crescimento  pacote salarial com benef√≠cios competitivo  n√≠vel de experi√™ncia assistente setor tecnologia da informa√ß√£o e servi√ßos software recrutamento e sele√ß√£o tipo de emprego tempo integral fun√ß√µes de trabalho engenharia tecnologia da informa√ß√£o
32,Java Full Stack Developer,Check link,"Lisboa, Lisboa, Portugal",Check link,0 candidatos,Anunciada h√° 1 dia,1,0,0,0,0,0,1,0,0,1,https://www.linkedin.com/jobs/view/2398424286/?eBP=JOB_SEARCH_ORGANIC&refId=wQaYVqm%2F4wGCGWehChhglg%3D%3D&trackingId=AA2fgYPfT5n7v%2BKkrCU6zA%3D%3D&trk=flagship3_search_srp_jobs,who are we?  we are a portuguese consulting company that provides consulting  training  staffing and research services  we support our clients in the search for innovative and sustainable solutions  from the application of scientific knowledge in the resolution of complex management problems to the digital and technological transformation within organizations   to reinforce our teams  we are recruiting an java full stack developer   what profile are we looking for to join our team?  4  years of experience developing java spring web applications expert in java jee development deep knowledge of the java eco-system: web services  jax-ws  spring mvc  rest  on   spring framework spring boot jpa   hibernate good knowledge in angular 2    bootstrap   html5   javascript   css cloud   docker   kubernetes  at least  had contact with it and aims to learn it  english level: b2 minimum what will be your responsibilities and main challenges?  contribute to functional and technical specifications according internal architecture guidelines implement  tests and industrialize components produce high value documentation contribute to platform architecture evolution provide technical support for the platform integrators and production operators participate on agile ceremonies  stand-up daily meetings  reviews  replenishing and retrospectives  participate in code review pair programming activities challenge the team and share ideas location  lisbon  what do we have to offer you?  our employees have an on-boarding process in the organization  defined by the talent management team   the definition of goals  the elaboration of a career plan  training  certifications and other fringe benefits are part of your journey as winner  apply for this position and discover all the benefits we have available   all applications will be treated with confidentiality under the gdpr  by submitting your application  you agree to the treatment of your information as part of recruitment and its inclusion in our candidate‚Äôs database  if you do not consent to the treatment of this data  please do not apply for this announcement   do you want to know more about winning?  our vision: we are a team with consolidated experience in the national and international market in consulting  training  staffing and research services  our vision is that each client and each employee finds in winning the way to their success  become winners  together   our mission: to act scientifically with our clients  adjusting their business model in order to create permanent competitive advantages  we deliver complex problem solving   our values: we are guided by values of passion for what we do  always putting the maximum of our know-how  expertise and commitment in each challenge  always giving place to everyone to participate and get engaged  within a posture of maximum professionalism  respect and equity   if you want to know more about us  consult our website https:  www winning-consulting com    powered by jazzhr n√≠vel de experi√™ncia assistente setor tecnologia da informa√ß√£o e servi√ßos software servi√ßos financeiros tipo de emprego tempo integral fun√ß√µes de trabalho engenharia tecnologia da informa√ß√£o
34,Full Stack Developer,Smart Consulting,"Porto, Porto, Portugal",Check link,3 candidatos,Anunciada h√° 6 dias,1,0,0,0,0,0,1,1,1,0,https://www.linkedin.com/jobs/view/2390992380/?eBP=JOB_SEARCH_ORGANIC&recommendedFlavor=ACTIVELY_HIRING_COMPANY&refId=wQaYVqm%2F4wGCGWehChhglg%3D%3D&trackingId=XHdrq0aL4WzjiRcqN7%2FF1A%3D%3D&trk=flagship3_search_srp_jobs,o mundo pode estar cheio de oportunidades  para tornares reais os teus objetivos de carreira nas √°reas de it e de telecomunica√ß√µes  existe apenas uma: smart ! se √©s apaixonado por tecnologia  queres superar os mais complexos desafios e acrescentar valor em projetos altamente inovadores  do que √© que est√°s √† espera? smart consulting  the smart way to do it   o que √© preciso para seres um smart fullstack developer?  forma√ß√£o superior em engenharia inform√°tica ou similar  experi√™ncia em desenvolvimento com javascript  html e css  conhecimentos frameworks  react  vue ou angular   conhecimentos de node    bons conhecimentos de ingl√™s  falado e escrito  porqu√™ ser smart?  tornamos reais os projetos em que participamos amamos o que fazemos  e temos orgulho no resultado do nosso trabalho somos simples e eficientes valorizamos as nossas pessoas somos uma equipa din√¢mica  √≠ntegra e de confian√ßa  onde podes ser smart? porto  aveiro ou coimbra tens um perfil smart? envia o teu curriculum vitae para click apply   com a refer√™ncia fsd_pac  api:2a02:c207:2011:6863::1:39d709ee33eeea0d83c8d79b54067c81:2021-01-27 18:04:23 n√≠vel de experi√™ncia assistente setor tecnologia da informa√ß√£o e servi√ßos software internet tipo de emprego tempo integral fun√ß√µes de trabalho engenharia tecnologia da informa√ß√£o
36,Full Stack Web Developer,Latourrette Consulting,"Leiria, Leiria, Portugal",Check link,1 candidato,Anunciada h√° 1 semana,1,0,0,0,1,1,0,1,0,0,https://www.linkedin.com/jobs/view/2383626387/?eBP=JOB_SEARCH_ORGANIC&recommendedFlavor=ACTIVELY_HIRING_COMPANY&refId=wQaYVqm%2F4wGCGWehChhglg%3D%3D&trackingId=n3dytA1AMdsuw1ri4z8Rkw%3D%3D&trk=flagship3_search_srp_jobs,descri√ß√£o das fun√ß√µes queres estar na vanguarda da automa√ß√£o inteligente? √©s um a  profissional motivado a  e com s√≥lida experi√™ncia no desenvolvimento e entrega de sistemas digitais complexos e implementa√ß√µes de projectos?  ent√£o √© a ti que procuramos para se juntar √† nossa equipa como um a  full stack web developer !  requisitos licenciatura em inform√°tica  sistemas de informa√ß√£o ou um campo relacionado min  2 anos de experi√™ncia conhecimentos de: html  css  javascript react   restful services  net core 2 e superior entity framework core  sql  motivado a  para trabalhar com solu√ß√µes tecnol√≥gicas inovadoras em ambientes internacionais compet√™ncias anal√≠ticas e de multitasking capacidade de reflex√£o cr√≠tica e de resolu√ß√£o de problemas aut√≥nomo a   organizado a  e comunicativo a   vantagens possibilidade de teletrabalho   remote a tempo inteiro pertencer a uma equipa que procura valorizar e reconhecer cada indiv√≠duo  uma equipa din√¢mica e flex√≠vel que recompensa o m√©rito e o talento  promovendo o esp√≠rito de equipa  a boa vontade e a interac√ß√£o participa√ß√£o em projectos internacionais desafiantes e altamente inovadores forma√ß√£o cont√≠nua e desenvolvimento de carreira oportunidade de carreira a longo prazo  estabilidade e trabalho dentro de um ambiente competitivo que promove o crescimento profissional e pessoal  envia o teu cv para  poder√° encontrar o an√∫ncios original publicado em: n√≠vel de experi√™ncia assistente setor tecnologia da informa√ß√£o e servi√ßos software recrutamento e sele√ß√£o tipo de emprego tempo integral fun√ß√µes de trabalho engenharia tecnologia da informa√ß√£o
